0,4001 South 700 East,Western Governors University
1,1060 Dalton Ave S,International Peace Gardens
2,1330 2100 S,Sugar House Park
3,1488 4800 S,Taylorsville-Bennion Heritage City Gov Off
4,177 W Price Ave,Salt Lake City Division of Health Services
5,195 W Oakland Ave,South Salt Lake Public Works
6,2010 W 500 S,Salt Lake City Streets and Sanitation
7,2300 Parkway Blvd,Deker Lake
8,233 Canyon Rd,Salt Lake City Ottinger Hall
9,2530 S 500 E,Columbus Library
10,2600 Taylorsville Blvd,Taylorsville City Hall
11,2835 Main St,South Salt Lake Police
12,300 State St,Council Hall
13,3060 Lester St,Redwood Park
14,3148 S 1100 W,Salt Lake County Mental Health
15,3365 S 900 W,Salt Lake County United Police Dept
16,3575 W Valley Central Station bus Loop,West Valley Prosecutor
17,3595 Main St,Housing Auth. of Salt Lake County
18,380 W 2880 S,Utah DMV Administrative Office
19,410 S State St,Third District Juvenile Court
20,4300 S 1300 E,Cottonwood Regional Softball Complex
21,4580 S 2300 E,Holiday City Office
22,5025 State St,Murray City Museum
23,5100 South 2700 West,Valley Regional Softball Complex
24,5383 South 900 East #104,City Center of Rock Springs
25,600 E 900 South,Rice Terrace Pavilion Park
26,6351 South 900 East,Wheeler Historic Farm
